ID,კატეგორია,თანამდებობა,ორგანიზაცია,ენა,კვება,შენიშვნა
G001,Presidential,გენერალური დირექტორი,ბანკი X,ka,სტანდარტული,მასპინძელი - სცენასთან უახლოესი ადგილი
G002,Presidential,სამეთვალყურეო საბჭოს თავმჯდომარე,ბანკი X,ka,სტანდარტული,
G003,Presidential,მინისტრის მოადგილე,სამინისტრო 1,ka,ვეგანური,
G004,Presidential,მინისტრის მოადგილე,სამინისტრო 2,ka,სტანდარტული,
G005,Presidential,ვიცე-პრეზიდენტი,ეროვნული მარეგულირებელი,ka,სტანდარტული,
G006,Presidential,რეგიონული დირექტორი,საერთაშორისო პარტნიორი ბანკი 1,en,სტანდარტული,
G007,Presidential,რეგიონული დირექტორი,საერთაშორისო პარტნიორი ბანკი 2,en,თხილის ალერგია,
G008,Presidential,რეგიონული დირექტორი,საერთაშორისო პარტნიორი ბანკი 3,en,ჰალალი,
G009,Presidential,რეგიონული დირექტორი,საერთაშორისო პარტნიორი ბანკი 4,en,გლუტენ-ფრი,
G010,Presidential,ელჩი,ქვეყანა 1-ის საელჩო,en,სტანდარტული,საჭიროებს თარჯიმანს ან ინგლისურენოვან მეზობელს
G011,ინვესტორი,მმართველი პარტნიორი,საინვესტიციო ფონდი 1,en,სტანდარტული,
G012,ინვესტორი,მმართველი პარტნიორი,საინვესტიციო ფონდი 2,ka,ვეგანური,
G013,ინვესტორი,მმართველი პარტნიორი,საინვესტიციო ფონდი 3,en,სტანდარტული,
G014,ინვესტორი,მმართველი პარტნიორი,საინვესტიციო ფონდი 4,ka,ვეგეტარიანული,
G015,ინვესტორი,მმართველი პარტნიორი,საინვესტიციო ფონდი 5,en,სტანდარტული,
G016,ინვესტორი,მმართველი პარტნიორი,საინვესტიციო ფონდი 6,ka,ჰალალი,
G017,ინვესტორი,მმართველი პარტნიორი,საინვესტიციო ფონდი 7,en,სტანდარტული,
G018,ინვესტორი,მმართველი პარტნიორი,საინვესტიციო ფონდი 8,ka,სტანდარტული,
G019,სტარტაპის დამფუძნებელი,თანადამფუძნებელი / CEO,ტექ-სტარტაპი 1,ka,თხილის ალერგია,
G020,სტარტაპის დამფუძნებელი,თანადამფუძნებელი / CEO,ტექ-სტარტაპი 2,ka,სტანდარტული,
G021,სტარტაპის დამფუძნებელი,თანადამფუძნებელი / CEO,ტექ-სტარტაპი 3,en,ვეგანური,
G022,სტარტაპის დამფუძნებელი,თანადამფუძნებელი / CEO,ტექ-სტარტაპი 4,ka,სტანდარტული,
G023,სტარტაპის დამფუძნებელი,თანადამფუძნებელი / CEO,ტექ-სტარტაპი 5,ka,სტანდარტული,
G024,სტარტაპის დამფუძნებელი,თანადამფუძნებელი / CEO,ტექ-სტარტაპი 6,en,გლუტენ-ფრი,
G025,სტარტაპის დამფუძნებელი,თანადამფუძნებელი / CEO,ტექ-სტარტაპი 7,ka,სტანდარტული,
G026,სტარტაპის დამფუძნებელი,თანადამფუძნებელი / CEO,ტექ-სტარტაპი 8,ka,სტანდარტული,
G027,ბანკის მენეჯმენტი,ფინანსური დირექტორი,ბანკი X,ka,ვეგეტარიანული,
G028,ბანკის მენეჯმენტი,რისკების დირექტორი,ბანკი X,ka,სტანდარტული,
G029,ბანკის მენეჯმენტი,IT დირექტორი,ბანკი X,ka,სტანდარტული,
G030,ბანკის მენეჯმენტი,კორპორატიული ბიზნესის დირექტორი,ბანკი X,ka,ვეგანური,
G031,ბანკის მენეჯმენტი,საცალო ბიზნესის დირექტორი,ბანკი X,ka,სტანდარტული,
G032,ბანკის მენეჯმენტი,მარკეტინგის დირექტორი,ბანკი X,ka,სტანდარტული,
G033,ბანკის მენეჯმენტი,HR დირექტორი,ბანკი X,ka,სტანდარტული,
G034,ბანკის მენეჯმენტი,იურიდიული დეპარტამენტის ხელმძღვანელი,ბანკი X,ka,სტანდარტული,
G035,ბანკის მენეჯმენტი,ოპერაციების დირექტორი,ბანკი X,ka,თხილის ალერგია,
G036,ბანკის მენეჯმენტი,ციფრული ბანკინგის ხელმძღვანელი,ბანკი X,ka,სტანდარტული,
G037,ბანკის მენეჯმენტი,ხაზინის ხელმძღვანელი,ბანკი X,ka,სტანდარტული,
G038,ბანკის მენეჯმენტი,შესაბამისობის (compliance) ხელმძღვანელი,ბანკი X,ka,გლუტენ-ფრი,
G039,ბანკის მენეჯმენტი,PR მენეჯერი,ბანკი X,ka,სტანდარტული,
G040,ბანკის მენეჯმენტი,გამგეობის წევრი,ბანკი X,ka,სტანდარტული,
G041,ბანკის მენეჯმენტი,გამგეობის წევრი,ბანკი X,ka,სტანდარტული,
G042,კორპორატიული კლიენტი,გენერალური დირექტორი,კომპანია A,ka,სტანდარტული,კონკურენტი: G043 (კომპანია B)
G043,კორპორატიული კლიენტი,გენერალური დირექტორი,კომპანია B,ka,სტანდარტული,კონკურენტი: G042 (კომპანია A)
G044,კორპორატიული კლიენტი,გენერალური დირექტორი,კომპანია C,ka,ვეგეტარიანული,
G045,კორპორატიული კლიენტი,ფინანსური დირექტორი,კომპანია D,ka,სტანდარტული,
G046,კორპორატიული კლიენტი,დამფუძნებელი,კომპანია E,ka,სტანდარტული,
G047,კორპორატიული კლიენტი,კომერციული დირექტორი,კომპანია F,ka,ვეგანური,
G048,კორპორატიული კლიენტი,აღმასრულებელი დირექტორი,კომპანია G,en,სტანდარტული,
G049,კორპორატიული კლიენტი,გენერალური დირექტორი,კომპანია H,ka,სტანდარტული,
G050,კორპორატიული კლიენტი,ფინანსური დირექტორი,კომპანია I,ka,თხილის ალერგია,
G051,კორპორატიული კლიენტი,დამფუძნებელი,კომპანია J,ka,სტანდარტული,
G052,კორპორატიული კლიენტი,კომერციული დირექტორი,კომპანია K,ka,სტანდარტული,
G053,კორპორატიული კლიენტი,აღმასრულებელი დირექტორი,კომპანია L,ka,სტანდარტული,
G054,კორპორატიული კლიენტი,გენერალური დირექტორი,კომპანია M,ka,სტანდარტული,
G055,კორპორატიული კლიენტი,ფინანსური დირექტორი,კომპანია N,en,სტანდარტული,
G056,კორპორატიული კლიენტი,დამფუძნებელი,კომპანია O,ka,სტანდარტული,
G057,კორპორატიული კლიენტი,კომერციული დირექტორი,კომპანია P,ka,სტანდარტული,
G058,კორპორატიული კლიენტი,აღმასრულებელი დირექტორი,კომპანია Q,ka,ვეგანური,
G059,კორპორატიული კლიენტი,გენერალური დირექტორი,კომპანია R,ka,სტანდარტული,
G060,კორპორატიული კლიენტი,ფინანსური დირექტორი,კომპანია S,ka,სტანდარტული,
G061,კორპორატიული კლიენტი,დამფუძნებელი,კომპანია T,ka,გლუტენ-ფრი,
G062,კორპორატიული კლიენტი,კომერციული დირექტორი,კომპანია U,ka,სტანდარტული,
G063,კორპორატიული კლიენტი,აღმასრულებელი დირექტორი,კომპანია V,en,სტანდარტული,
G064,კორპორატიული კლიენტი,გენერალური დირექტორი,კომპანია W,ka,სტანდარტული,
G065,კორპორატიული კლიენტი,ფინანსური დირექტორი,კომპანია X,ka,სტანდარტული,
G066,კორპორატიული კლიენტი,დამფუძნებელი,კომპანია Y,ka,თხილის ალერგია,
G067,კორპორატიული კლიენტი,კომერციული დირექტორი,კომპანია Z,ka,სტანდარტული,
G068,კორპორატიული კლიენტი,აღმასრულებელი დირექტორი,კომპანია C1,ka,სტანდარტული,
G069,კორპორატიული კლიენტი,გენერალური დირექტორი,კომპანია C2,ka,სტანდარტული,
G070,კორპორატიული კლიენტი,ფინანსური დირექტორი,კომპანია C3,ka,ჰალალი,
G071,კორპორატიული კლიენტი,დამფუძნებელი,კომპანია C4,en,სტანდარტული,
G072,კორპორატიული კლიენტი,კომერციული დირექტორი,კომპანია C5,ka,სტანდარტული,
G073,კორპორატიული კლიენტი,აღმასრულებელი დირექტორი,კომპანია C6,ka,ვეგეტარიანული,
G074,კორპორატიული კლიენტი,გენერალური დირექტორი,კომპანია C7,ka,სტანდარტული,
G075,კორპორატიული კლიენტი,ფინანსური დირექტორი,კომპანია C8,ka,სტანდარტული,
G076,კორპორატიული კლიენტი,დამფუძნებელი,კომპანია C9,ka,სტანდარტული,
G077,მედია,რედაქტორი / ჟურნალისტი,მედია 1,ka,სტანდარტული,"მედია - სცენის ხედით, ფოტოგრაფთან ახლოს"
G078,მედია,რედაქტორი / ჟურნალისტი,მედია 2,ka,სტანდარტული,
G079,მედია,რედაქტორი / ჟურნალისტი,მედია 3,ka,ვეგანური,
G080,მედია,რედაქტორი / ჟურნალისტი,მედია 4,ka,სტანდარტული,
G081,მედია,რედაქტორი / ჟურნალისტი,მედია 5,ka,სტანდარტული,
G082,მედია,რედაქტორი / ჟურნალისტი,მედია 6,ka,სტანდარტული,
G083,პარტნიორი / ვენდორი,დირექტორი,პარტნიორი კომპანია 1,ka,სტანდარტული,
G084,პარტნიორი / ვენდორი,დირექტორი,პარტნიორი კომპანია 2,ka,სტანდარტული,
G085,პარტნიორი / ვენდორი,დირექტორი,პარტნიორი კომპანია 3,ka,გლუტენ-ფრი,
G086,პარტნიორი / ვენდორი,დირექტორი,პარტნიორი კომპანია 4,ka,სტანდარტული,
G087,პარტნიორი / ვენდორი,დირექტორი,პარტნიორი კომპანია 5,ka,სტანდარტული,
G088,პარტნიორი / ვენდორი,დირექტორი,პარტნიორი კომპანია 6,ka,სტანდარტული,
G089,პარტნიორი / ვენდორი,დირექტორი,პარტნიორი კომპანია 7,ka,სტანდარტული,
G090,პარტნიორი / ვენდორი,დირექტორი,პარტნიორი კომპანია 8,ka,სტანდარტული,
G091,დაჯილდოებული თანამშრომელი,თანამშრომელი (ნომინანტი),ბანკი X,ka,სტანდარტული,ნომინანტები სცენაზე ადის - სცენასთან ახლოს
G092,დაჯილდოებული თანამშრომელი,თანამშრომელი (ნომინანტი),ბანკი X,ka,სტანდარტული,
G093,დაჯილდოებული თანამშრომელი,თანამშრომელი (ნომინანტი),ბანკი X,ka,ვეგანური,
G094,დაჯილდოებული თანამშრომელი,თანამშრომელი (ნომინანტი),ბანკი X,ka,სტანდარტული,
G095,დაჯილდოებული თანამშრომელი,თანამშრომელი (ნომინანტი),ბანკი X,ka,თხილის ალერგია,
G096,დაჯილდოებული თანამშრომელი,თანამშრომელი (ნომინანტი),ბანკი X,ka,სტანდარტული,
G097,დაჯილდოებული თანამშრომელი,თანამშრომელი (ნომინანტი),ბანკი X,ka,სტანდარტული,
G098,დაჯილდოებული თანამშრომელი,თანამშრომელი (ნომინანტი),ბანკი X,ka,ვეგეტარიანული,
G099,დაჯილდოებული თანამშრომელი,თანამშრომელი (ნომინანტი),ბანკი X,ka,სტანდარტული,
G100,დაჯილდოებული თანამშრომელი,თანამშრომელი (ნომინანტი),ბანკი X,ka,სტანდარტული,
